{
  "accuracy": 0.9943579766536965,
  "precision": 0.9750889679715302,
  "recall": 0.9990884229717412,
  "f1": 0.9869428185502026,
  "roc_auc": 0.9988282300727526,
  "confusion_matrix": [
    [
      4015,
      28
    ],
    [
      1,
      1096
    ]
  ]
}